,Unnamed: 0,candle,open,high,low,close,volume,oi,ADX,ATR,AROONOSC,EMA_21,EMA_14,RSI
0,0,2021-09-14T09:15:00+0530,1850.0,1857.65,1848.0,1850.15,228070,0,,,,,,
1,1,2021-09-14T09:20:00+0530,1850.85,1853.75,1845.15,1848.05,77343,0,,,,,,
2,2,2021-09-14T09:25:00+0530,1848.95,1850.0,1845.55,1847.4,66825,0,,,,,,
3,3,2021-09-14T09:30:00+0530,1847.05,1854.6,1847.05,1854.3,62223,0,,,,,,
4,4,2021-09-14T09:35:00+0530,1853.8,1855.0,1850.85,1851.1,39733,0,,,,,,
5,5,2021-09-14T09:40:00+0530,1851.15,1853.95,1850.55,1853.7,32409,0,,,,,,
6,6,2021-09-14T09:45:00+0530,1853.7,1855.85,1853.0,1854.4,67816,0,,,,,,
7,7,2021-09-14T09:50:00+0530,1854.25,1855.4,1853.8,1855.0,39281,0,,,,,,
8,8,2021-09-14T09:55:00+0530,1854.5,1857.0,1852.95,1855.35,50123,0,,,,,,
9,9,2021-09-14T10:00:00+0530,1855.4,1855.4,1853.2,1854.55,25230,0,,,,,,
10,10,2021-09-14T10:05:00+0530,1854.5,1855.0,1850.0,1852.0,57844,0,,,,,,
11,11,2021-09-14T10:10:00+0530,1852.0,1855.55,1851.2,1855.55,26303,0,,,,,,
12,12,2021-09-14T10:15:00+0530,1855.55,1856.5,1853.25,1856.0,29693,0,,,,,,
13,13,2021-09-14T10:20:00+0530,1856.5,1862.8,1856.2,1860.6,138068,0,,,,,1853.4392857142855,
14,14,2021-09-14T10:25:00+0530,1860.05,1860.8,1856.1,1860.55,180825,0,,4.4964285714285745,85.71428571428572,,1854.3873809523807,67.8694158075601
15,15,2021-09-14T10:30:00+0530,1860.45,1863.0,1858.45,1861.0,61898,0,,4.500255102040816,100.0,,1855.2690634920632,68.39573582943319
16,16,2021-09-14T10:35:00+0530,1861.0,1865.0,1860.4,1863.85,75105,0,,4.507379737609322,100.0,,1856.4131883597881,71.57185521013237
17,17,2021-09-14T10:40:00+0530,1863.15,1864.7,1862.2,1864.3,61500,0,,4.363995470637228,92.85714285714286,,1857.4647632451497,72.04948703295507
18,18,2021-09-14T10:45:00+0530,1864.25,1864.95,1862.65,1863.75,47051,0,,4.216567222734565,42.85714285714286,,1858.3027948124632,70.49061349394226
19,19,2021-09-14T10:50:00+0530,1863.8,1864.8,1862.9,1864.7,40941,0,,4.051098135396372,42.85714285714286,,1859.1557555041347,71.63230719892256
20,20,2021-09-14T10:55:00+0530,1864.7,1866.75,1863.65,1864.8,175088,0,,3.9831625542966242,71.42857142857143,1856.7190476190476,1859.9083214369168,71.75617942655175
21,21,2021-09-14T11:00:00+0530,1864.8,1865.45,1864.0,1865.05,30034,0,,3.802222371846869,71.42857142857143,1857.476406926407,1860.5938785786611,72.08436697895414
22,22,2021-09-14T11:05:00+0530,1865.05,1865.1,1863.5,1864.95,126338,0,,3.6449207738578004,71.42857142857143,1858.1558244785517,1861.174694768173,71.72534915781607
23,23,2021-09-14T11:10:00+0530,1864.95,1866.9,1862.55,1866.9,42939,0,,3.69528357572511,92.85714285714286,1858.950749525956,1861.938068799083,74.4026056022019
24,24,2021-09-14T11:15:00+0530,1866.95,1867.0,1865.2,1867.0,21059,0,,3.5599061774590277,100.0,1859.682499569051,1862.6129929592053,74.53576548959997
25,25,2021-09-14T11:20:00+0530,1867.0,1867.0,1861.35,1862.55,37603,0,,3.709198593354818,100.0,1859.94318142641,1862.6045938979778,59.662021065894855
26,26,2021-09-14T11:25:00+0530,1862.55,1863.25,1856.6,1858.5,66911,0,,3.9192558366866233,92.85714285714286,1859.8119831149183,1862.0573147115808,49.90195317549247
27,27,2021-09-14T11:30:00+0530,1859.5,1862.2,1858.0,1860.5,32530,0,44.661840927883,3.9393089912090105,78.57142857142857,1859.8745301044712,1861.8496727500367,53.91160037167495
28,28,2021-09-14T11:35:00+0530,1860.55,1861.1,1857.0,1861.0,58110,0,41.856080852003025,3.9507869204083605,78.57142857142857,1859.9768455495193,1861.7363830500317,54.88377177907107
29,29,2021-09-14T11:40:00+0530,1861.0,1864.35,1860.0,1863.9,59508,0,39.595392266592846,3.9793021403791857,-7.142857142857143,1860.3334959541085,1862.0248653100275,60.136012589085894
30,30,2021-09-14T11:45:00+0530,1864.3,1865.65,1863.3,1863.5,37981,0,37.88037720224535,3.8629234160663968,-7.142857142857143,1860.6213599582804,1862.2215499353572,59.11378571391669
31,31,2021-09-14T11:50:00+0530,1864.1,1864.1,1863.0,1863.15,34525,0,36.16676030475803,3.665571743490219,-7.142857142857143,1860.8512363257096,1862.3453432773097,58.18183527041624
32,32,2021-09-14T11:55:00+0530,1863.35,1865.3,1862.5,1864.95,79155,0,34.94109099351002,3.603745190383772,-7.142857142857143,1861.2238512051906,1862.6926308403351,61.540003374053164
33,33,2021-09-14T12:00:00+0530,1864.95,1865.3,1861.0,1861.5,35301,0,33.17327346158199,3.6534776767849277,-7.142857142857143,1861.2489556410824,1862.5336133949572,52.78978952397807
34,34,2021-09-14T12:05:00+0530,1861.45,1862.95,1860.4,1862.05,50721,0,31.288335402154527,3.574657842728858,-7.142857142857143,1861.3217778555295,1862.469131608963,53.914785685385525
35,35,2021-09-14T12:10:00+0530,1861.95,1862.3,1860.0,1861.75,44056,0,29.372373555354187,3.4836108539625075,-7.142857142857143,1861.3607071413905,1862.3732473944344,53.17051786363226
36,36,2021-09-14T12:15:00+0530,1861.75,1862.0,1855.0,1857.1,53533,0,28.643508736250165,3.7347815072509,-78.57142857142857,1860.9733701285368,1861.6701477418433,43.212980163133516
37,37,2021-09-14T12:20:00+0530,1857.1,1860.45,1856.75,1860.45,33988,0,27.966705689939285,3.7322971138758385,-78.57142857142857,1860.9257910259425,1861.5074613762642,50.41722459474024
38,38,2021-09-14T12:25:00+0530,1860.55,1864.5,1860.0,1864.5,72492,0,26.0918509670758,3.7871330343132787,-78.57142857142857,1861.2507191144932,1861.9064665260958,57.44593033285547
39,39,2021-09-14T12:30:00+0530,1864.0,1864.3,1862.3,1863.85,41769,0,24.350914438702564,3.673766389005191,-78.57142857142857,1861.487017376812,1862.1656043226162,56.072096090439494
40,40,2021-09-14T12:35:00+0530,1863.55,1865.0,1863.3,1864.75,48141,0,22.97260308662148,3.5327830755048235,-42.85714285714286,1861.7836521607383,1862.510190412934,57.584653693667654
41,41,2021-09-14T12:40:00+0530,1864.65,1865.15,1862.6,1863.2,46126,0,21.428129267561154,3.462584284397349,-42.85714285714286,1861.9124110552166,1862.6021650245427,54.127914537306964
42,42,2021-09-14T12:45:00+0530,1862.8,1868.0,1862.5,1867.85,52980,0,20.9375743954582,3.6081139783689666,42.85714285714286,1862.4521918683788,1863.3018763546038,61.57921422096179
43,43,2021-09-14T12:50:00+0530,1868.0,1869.95,1867.1,1869.0,44103,0,21.030154740875254,3.55396297991405,50.0,1863.0474471530717,1864.06162617399,63.1724707253951
44,44,2021-09-14T12:55:00+0530,1869.4,1869.6,1864.7,1866.2,35812,0,20.187360571727034,3.6501084813487514,50.0,1863.334042866429,1864.3467426841246,56.9771337952012
45,45,2021-09-14T13:00:00+0530,1865.55,1866.25,1859.6,1860.0,62900,0,19.613540509747736,3.864386446966704,50.0,1863.0309480603898,1863.767176992908,46.1779676248537
46,46,2021-09-14T13:05:00+0530,1860.0,1865.35,1858.25,1865.3,47575,0,19.412387125380015,4.09550170075479,50.0,1863.2372255094454,1863.9715533938536,54.17393566080983
47,47,2021-09-14T13:10:00+0530,1865.35,1871.15,1864.5,1870.8,103932,0,18.46538902356861,4.277965864986597,78.57142857142857,1863.924750463132,1864.8820129413398,60.69901626301025
48,48,2021-09-14T13:15:00+0530,1870.7,1870.95,1868.65,1870.0,65504,0,17.586033643315158,4.1366825889161225,78.57142857142857,1864.4770458755747,1865.5644112158277,59.374714863191905
49,49,2021-09-14T13:20:00+0530,1870.0,1875.0,1869.35,1875.0,43531,0,17.68979046789618,4.244776689707835,92.85714285714286,1865.4336780687042,1866.822489720384,64.57659343214141
50,50,2021-09-14T13:25:00+0530,1874.9,1876.0,1872.0,1872.1,67723,0,17.989817527019564,4.22729264044299,100.0,1866.0397073351858,1867.5261577576662,59.794299687050376
51,51,2021-09-14T13:30:00+0530,1872.8,1873.85,1871.35,1872.1,25137,0,18.0589243307302,4.103914594697062,92.85714285714286,1866.5906430319872,1868.1360033899773,59.794299687050376
52,52,2021-09-14T13:35:00+0530,1871.4,1875.7,1870.6,1875.6,36234,0,18.5206960499288,4.1750635522187105,28.571428571428573,1867.4096754836246,1869.1312029379803,63.57048989268609
53,53,2021-09-14T13:40:00+0530,1875.6,1876.0,1872.85,1875.55,26677,0,19.013383962365626,4.101844727060238,50.0,1868.1497049851132,1869.9870425462495,63.47876623793929
54,54,2021-09-14T13:45:00+0530,1875.05,1879.0,1874.65,1878.45,56310,0,20.07390336290673,4.119570103698786,57.142857142857146,1869.086095441012,1871.1154368734162,66.49807949200664
55,55,2021-09-14T13:50:00+0530,1877.8,1878.75,1873.95,1874.35,33670,0,20.794226083373385,4.168172239148869,57.142857142857146,1869.564632219102,1871.5467119569607,59.063560139077694
56,56,2021-09-14T13:55:00+0530,1874.45,1876.15,1874.1,1876.15,23066,0,21.463097180949568,4.01687422206682,57.142857142857146,1870.1633020173654,1872.1604836960325,61.11877425006442
57,57,2021-09-14T14:00:00+0530,1876.1,1877.0,1875.85,1876.6,26561,0,22.27121380852113,3.812097491919196,57.142857142857146,1870.748456379423,1872.752419203228,61.63731240712388
58,58,2021-09-14T14:05:00+0530,1876.6,1877.0,1875.0,1875.95,37988,0,22.653566738044756,3.6826619567821104,57.142857142857146,1871.2213239812936,1873.1787633094643,60.384596854136575
59,59,2021-09-14T14:10:00+0530,1875.85,1876.9,1874.0,1876.9,17144,0,22.58141133854931,3.6267575312976805,57.142857142857146,1871.7375672557214,1873.6749282015357,61.61258061893838
60,60,2021-09-14T14:15:00+0530,1876.9,1876.9,1874.65,1876.0,23374,0,22.51440989616068,3.5284177076335608,57.142857142857146,1872.1250611415649,1873.9849377746643,59.72380823171623
61,61,2021-09-14T14:20:00+0530,1875.45,1876.25,1874.0,1874.3,22253,0,22.155718341918,3.4371021570883067,50.0,1872.322782855968,1874.0269460713757,56.21808695998959
62,62,2021-09-14T14:25:00+0530,1874.4,1874.4,1870.4,1872.15,28933,0,20.74285230328838,3.4773091458677134,42.85714285714286,1872.3070753236073,1873.7766865951924,52.05632160788627
63,63,2021-09-14T14:30:00+0530,1872.5,1872.5,1867.15,1867.65,53564,0,20.4154647287146,3.611072778305727,-64.28571428571429,1871.8837048396429,1872.9597950491668,44.61219345073857
64,64,2021-09-14T14:35:00+0530,1867.0,1873.2,1867.0,1872.15,44934,0,19.84834906162939,3.7959961512838922,-71.42857142857143,1871.9079134905844,1872.8518223759445,52.00369765481491
65,65,2021-09-14T14:40:00+0530,1872.15,1873.65,1870.0,1870.55,29396,0,19.149152000349037,3.7855678547636207,-71.42857142857143,1871.7844668096222,1872.5449127258184,49.47555548532015
66,66,2021-09-14T14:45:00+0530,1871.55,1872.9,1868.65,1871.25,43264,0,18.916838170631262,3.8187415794233623,-71.42857142857143,1871.7358789178384,1872.3722576957093,50.60690360969564
67,67,2021-09-14T14:50:00+0530,1871.25,1874.0,1869.0,1870.8,73931,0,18.25507192346009,3.903117180893122,-71.42857142857143,1871.6507990162168,1872.1626233362815,49.834360435116984
68,68,2021-09-14T14:55:00+0530,1871.2,1873.45,1870.35,1872.2,33303,0,17.640574693944,3.845751667972195,-71.42857142857143,1871.700726378379,1872.167606891444,52.27529668278203
69,69,2021-09-14T15:00:00+0530,1871.9,1872.2,1868.55,1868.95,34026,0,17.668648561313855,3.8317694059741876,-64.28571428571429,1871.4506603439809,1871.7385926392515,46.60596813601915
70,70,2021-09-14T15:05:00+0530,1868.65,1870.3,1867.0,1869.8,74827,0,18.158498912799676,3.793785876976028,-85.71428571428572,1871.3006003127098,1871.4801136206845,48.18860279281732
71,71,2021-09-14T15:10:00+0530,1870.15,1872.0,1868.0,1868.5,51626,0,17.85233726452824,3.808515457192026,-85.71428571428572,1871.0460002842817,1871.0827651379266,45.94554495364751
72,72,2021-09-14T15:15:00+0530,1868.5,1869.1,1865.1,1865.95,65629,0,18.4036697020537,3.822192924535453,-100.0,1870.5827275311651,1870.3983964528697,41.832258441286974
73,73,2021-09-14T15:20:00+0530,1866.0,1867.55,1864.55,1865.3,71167,0,19.059129129317036,3.763464858497206,-92.85714285714286,1870.1024795737865,1869.7186102591538,40.828866210230444
74,74,2021-09-14T15:25:00+0530,1865.85,1866.0,1863.1,1864.95,63706,0,20.035993258634317,3.7017887971759835,-100.0,1869.634072339806,1869.0827955579334,40.26876424614045
75,75,2021-09-15T09:15:00+0530,1874.0,1875.25,1867.05,1869.5,314346,0,19.38043714450924,4.173089597377696,-92.85714285714286,1869.6218839452781,1869.1384228168756,49.892255678115205
76,76,2021-09-15T09:20:00+0530,1869.2,1869.45,1858.0,1861.25,80188,0,19.25620799837501,4.6964403404221455,-7.142857142857143,1868.8608035866164,1868.086633107959,37.95242997333575
77,77,2021-09-15T09:25:00+0530,1861.85,1872.0,1860.85,1872.0,63644,0,18.53278199498433,5.1574088875348565,-7.142857142857143,1869.146185078742,1868.608415360231,53.55088246025782
78,78,2021-09-15T09:30:00+0530,1872.0,1876.45,1871.4,1875.3,166642,0,17.49016080215751,5.149736824139507,14.285714285714286,1869.7056227988564,1869.5006266455334,57.11500221175528
79,79,2021-09-15T09:35:00+0530,1874.3,1877.9,1871.75,1872.7,115131,0,16.798645170626113,5.221184193843834,21.42857142857143,1869.9778389080514,1869.9272097594624,53.62378872354815
80,80,2021-09-15T09:40:00+0530,1872.7,1876.75,1872.25,1875.65,117402,0,16.156523512775532,5.169671037140703,21.42857142857143,1870.4934899164102,1870.6902484582008,56.84687417504619
81,81,2021-09-15T09:45:00+0530,1875.45,1883.45,1874.95,1883.0,180593,0,16.730192302860836,5.407551677344939,35.714285714285715,1871.6304453785547,1872.3315486637741,63.629210063857386
82,82,2021-09-15T09:50:00+0530,1883.05,1886.15,1882.1,1886.0,168732,0,17.650520773951808,5.310583700391741,42.85714285714286,1872.9367685259588,1874.1540088419376,65.97952472622303
83,83,2021-09-15T09:55:00+0530,1885.95,1889.25,1885.3,1888.75,136874,0,18.913917071357023,5.213399150363763,50.0,1874.3743350235989,1876.100140996346,68.0196313439368
84,84,2021-09-15T10:00:00+0530,1888.8,1889.35,1885.05,1888.35,113483,0,20.019281315585566,5.148156353909205,57.142857142857146,1875.6448500214535,1877.7334555301666,67.38663927778859
85,85,2021-09-15T10:05:00+0530,1888.25,1889.45,1886.95,1887.3,82769,0,21.059805081230724,4.9590023286299765,64.28571428571429,1876.7044091104124,1879.008994792811,65.65931323897036
86,86,2021-09-15T10:10:00+0530,1887.7,1888.2,1886.5,1887.3,94198,0,21.887718091008058,4.7262164480135525,64.28571428571429,1877.6676446458293,1880.1144621537696,65.65931323897036
87,87,2021-09-15T10:15:00+0530,1887.3,1890.7,1886.9,1890.6,98321,0,23.037711253350032,4.660058130298296,78.57142857142857,1878.8433133143903,1881.5125338666003,68.59366261547689
88,88,2021-09-15T10:20:00+0530,1890.6,1894.5,1888.05,1888.8,101008,0,24.614161017382447,4.787911120991278,85.71428571428572,1879.7484666494458,1882.4841960177203,65.31527102277883
89,89,2021-09-15T10:25:00+0530,1888.85,1889.45,1885.25,1888.1,41953,0,25.21248637362623,4.745917469491904,85.71428571428572,1880.5076969540416,1883.2329698820242,64.0335467461509
90,90,2021-09-15T10:30:00+0530,1888.1,1893.55,1888.1,1893.55,66975,0,26.325012951076094,4.796209078813915,85.71428571428572,1881.6933608673105,1884.6085738977542,69.11522801517125
91,91,2021-09-15T10:35:00+0530,1893.4,1897.0,1890.6,1895.05,137774,0,27.761501809992946,4.910765573184356,100.0,1882.9076007884642,1886.0007640447204,70.35664203991111
92,92,2021-09-15T10:40:00+0530,1895.2,1896.0,1894.05,1895.75,77611,0,29.09538432184431,4.6992823179569045,92.85714285714286,1884.0750916258764,1887.300662172091,70.94359804096419
93,93,2021-09-15T10:45:00+0530,1895.9,1896.15,1893.2,1894.3,77000,0,30.056469723041463,4.574333580959986,85.71428571428572,1885.0046287507967,1888.2339072158122,67.94253881994004
94,94,2021-09-15T10:50:00+0530,1894.35,1895.85,1893.0,1894.2,81002,0,30.880907370636724,4.451166896605694,78.57142857142857,1885.8405715916333,1889.029386253704,67.72974574943586
95,95,2021-09-15T10:55:00+0530,1894.2,1895.75,1893.05,1894.55,62903,0,31.64645661483232,4.326083546848148,71.42857142857143,1886.6323378105758,1889.7654680865435,68.1062535471871
96,96,2021-09-15T11:00:00+0530,1894.45,1898.4,1893.55,1895.3,86006,0,32.74557571614169,4.363506150644718,100.0,1887.4203071005234,1890.5034056750044,68.94246567948856
97,97,2021-09-15T11:05:00+0530,1895.3,1895.3,1889.3,1890.0,57339,0,32.311738252176696,4.48039856845581,85.71428571428572,1887.6548246368395,1890.4362849183372,57.47452127067556
98,98,2021-09-15T11:10:00+0530,1889.95,1890.45,1887.0,1887.1,34645,0,31.23315748474061,4.4067986707089695,85.71428571428572,1887.6043860334905,1889.9914469292255,52.343881716281814
99,99,2021-09-15T11:15:00+0530,1887.6,1889.35,1887.0,1889.2,35062,0,30.23161820069281,4.259884479944036,50.0,1887.7494418486278,1889.8859206719953,55.445535713969804
100,100,2021-09-15T11:20:00+0530,1889.0,1889.6,1886.0,1886.25,26374,0,28.997772607485018,4.212749874233741,50.0,1887.613128953298,1889.4011312490627,50.47567493224317
101,101,2021-09-15T11:25:00+0530,1886.75,1887.0,1882.8,1884.8,60860,0,26.955139233304603,4.211839168931334,-35.714285714285715,1887.3573899575435,1888.787647082521,48.18924231588815
102,102,2021-09-15T11:30:00+0530,1884.8,1886.8,1884.05,1884.05,27783,0,25.058408242994222,4.107422085436239,-35.714285714285715,1887.0567181432214,1888.1559608048515,47.00324938952112
103,103,2021-09-15T11:35:00+0530,1884.95,1887.0,1883.0,1885.0,112479,0,23.530950570994715,4.099749079333651,-35.714285714285715,1886.8697437665649,1887.7351660308714,48.72467188600209
104,104,2021-09-15T11:40:00+0530,1884.85,1885.0,1882.2,1884.3,197444,0,22.334341967113158,4.006909859381244,-57.142857142857146,1886.6361306968772,1887.277143893422,47.50035399461308
105,105,2021-09-15T11:45:00+0530,1884.45,1887.95,1883.05,1886.6,28865,0,21.120239731292195,4.07070201228259,-57.142857142857146,1886.6328460880702,1887.1868580409657,51.7870569918697
106,106,2021-09-15T11:50:00+0530,1886.9,1889.0,1884.8,1887.65,38314,0,20.274676484419807,4.0799375828338365,-57.142857142857146,1886.7253146255184,1887.2486103021704,53.64778814490664
107,107,2021-09-15T11:55:00+0530,1887.65,1888.8,1882.8,1883.5,39609,0,18.874709365249622,4.217084898345705,-57.142857142857146,1886.4321042050167,1886.7487955952142,46.07839876946472
108,108,2021-09-15T12:00:00+0530,1884.1,1887.0,1883.0,1885.7,28589,0,17.574739897448733,4.201578834178155,-57.142857142857146,1886.365549277288,1886.608956182519,50.09802804404647
109,109,2021-09-15T12:05:00+0530,1885.65,1888.6,1884.85,1887.0,144142,0,16.850763981447855,4.169323203165429,-57.142857142857146,1886.4232266157164,1886.661095358183,52.35807705554474
110,110,2021-09-15T12:10:00+0530,1887.0,1887.2,1885.3,1886.25,25281,0,16.17850063087561,4.007228688653619,-57.142857142857146,1886.4074787415605,1886.6062826437587,50.925114769298304
111,111,2021-09-15T12:15:00+0530,1886.25,1887.8,1885.25,1887.8,29659,0,15.744436737393276,3.903140925178357,-50.0,1886.5340715832367,1886.7654449579243,53.7427575347546
112,112,2021-09-15T12:20:00+0530,1887.8,1888.45,1885.45,1887.0,24909,0,15.54987543359138,3.8386308590941884,-42.85714285714286,1886.5764287120335,1886.7967189635344,52.08069863082776
113,113,2021-09-15T12:25:00+0530,1887.0,1890.3,1886.2,1888.85,52434,0,15.931559785687908,3.857300083444597,64.28571428571429,1886.7831170109396,1887.0704897683966,55.50743235849161
114,114,2021-09-15T12:30:00+0530,1888.7,1890.4,1887.0,1890.4,40222,0,16.315597353568343,3.8246357917699894,71.42857142857143,1887.1119245553996,1887.5144244659436,58.204221282164696
115,115,2021-09-15T12:35:00+0530,1890.4,1891.6,1889.7,1890.05,51585,0,17.028779701911372,3.6871618066435516,78.57142857142857,1887.3790223230906,1887.8525012038178,57.35878581050782
116,116,2021-09-15T12:40:00+0530,1890.0,1891.3,1888.75,1888.75,30416,0,17.22813098158671,3.605935963311866,78.57142857142857,1887.5036566573551,1887.9721677099756,54.20916212093784
117,117,2021-09-15T12:45:00+0530,1889.6,1889.6,1883.0,1884.5,24446,0,16.726863327440558,3.8197976802181546,78.57142857142857,1887.2305969612319,1887.5092120153122,45.42697310961864
118,118,2021-09-15T12:50:00+0530,1884.55,1888.75,1884.5,1888.55,28723,0,16.26140050573342,3.850526417345429,78.57142857142857,1887.350542692029,1887.6479837466038,53.20670283248169
119,119,2021-09-15T12:55:00+0530,1888.55,1889.45,1885.6,1888.75,33032,0,15.560142976010273,3.8504888161064796,57.142857142857146,1887.4777660836628,1887.7949192470567,53.55878955941746
120,120,2021-09-15T13:00:00+0530,1888.9,1889.8,1886.55,1887.1,33124,0,14.771585887978363,3.8075967578131595,57.142857142857146,1887.4434237124208,1887.7022633474492,50.20271325047489
121,121,2021-09-15T13:05:00+0530,1887.15,1890.0,1886.4,1886.55,141255,0,13.957247803742366,3.7927684179693557,57.142857142857146,1887.362203374928,1887.548628234456,49.098301618957336
122,122,2021-09-15T13:10:00+0530,1886.9,1887.6,1884.7,1886.65,23186,0,13.832369169262693,3.728999245257249,-14.285714285714286,1887.297457613571,1887.4288111365286,49.316620522413395
123,123,2021-09-15T13:15:00+0530,1886.75,1887.65,1884.0,1884.05,32441,0,13.960832221401876,3.723356442024595,-14.285714285714286,1887.0022341941553,1886.9783029849914,44.029047373424746
124,124,2021-09-15T13:20:00+0530,1884.0,1884.5,1875.0,1877.0,56475,0,16.192481182646727,4.135973839022838,-64.28571428571429,1886.092940176505,1885.6478625869925,33.530972204064454
125,125,2021-09-15T13:25:00+0530,1876.95,1882.5,1876.1,1882.1,30135,0,18.264726646659803,4.297689993378356,-64.28571428571429,1885.7299456150045,1885.1748142420602,43.94362002664692
126,126,2021-09-15T13:30:00+0530,1882.5,1887.4,1882.25,1887.25,40840,0,18.30940519458204,4.369283565279915,-64.28571428571429,1885.8681323772769,1885.4515056764521,52.103236685641676
127,127,2021-09-15T13:35:00+0530,1887.15,1888.45,1885.95,1887.1,31681,0,18.010008211264957,4.235763310617064,-64.28571428571429,1885.980120342979,1885.6713049195919,51.86642684211886
128,128,2021-09-15T13:40:00+0530,1887.75,1887.75,1883.7,1884.0,24485,0,18.25207313979718,4.222494502715842,-64.28571428571429,1885.8001094027081,1885.4484642636462,47.10181218300124
129,129,2021-09-15T13:45:00+0530,1884.0,1884.0,1876.3,1876.3,32084,0,19.77339937616161,4.470887752521856,-64.28571428571429,1884.936463093371,1884.2286690284934,37.810662539966586
130,130,2021-09-15T13:50:00+0530,1877.0,1881.4,1876.4,1880.55,18279,0,21.18605945278572,4.5158243416274475,-57.142857142857146,1884.5376937212463,1883.7381798246943,44.337158847410834
131,131,2021-09-15T13:55:00+0530,1881.25,1881.75,1878.3,1878.95,11071,0,22.373125159709083,4.439694031511205,-21.42857142857143,1884.0297215647695,1883.0997558480683,42.52768765968807
132,132,2021-09-15T14:00:00+0530,1879.35,1881.0,1876.0,1876.35,23226,0,23.836694840558582,4.479715886403262,-21.42857142857143,1883.3315650588813,1882.1997884016591,39.692813747384044
133,133,2021-09-15T14:05:00+0530,1876.9,1879.75,1876.0,1878.35,26870,0,25.19572382991883,4.427593323088742,-21.42857142857143,1882.8786955080739,1881.6864832814379,42.848755648454905
134,134,2021-09-15T14:10:00+0530,1878.35,1882.05,1877.2,1881.7,40618,0,25.578149107513642,4.457765228582397,-21.42857142857143,1882.7715413709761,1881.6882855105796,47.77833791201464
135,135,2021-09-15T14:15:00+0530,1881.65,1882.2,1878.45,1879.2,32877,0,25.87714916537158,4.40721056939794,-21.42857142857143,1882.4468557917965,1881.356514109169,44.68100927910692
136,136,2021-09-15T14:20:00+0530,1879.45,1880.5,1877.2,1880.45,36297,0,26.41181959434971,4.328124100155227,21.42857142857143,1882.2653234470877,1881.2356455612799,46.54689015902979
137,137,2021-09-15T14:25:00+0530,1880.4,1881.7,1878.05,1880.85,82329,0,26.4291224481422,4.27968666442986,21.42857142857143,1882.1366576791706,1881.1842261531092,47.1610738933296
138,138,2021-09-15T14:30:00+0530,1881.25,1882.0,1879.15,1879.5,30010,0,26.324306837904455,4.177566188399149,21.42857142857143,1881.8969615265187,1880.959662666028,45.270477314378134
139,139,2021-09-15T14:35:00+0530,1880.25,1881.5,1879.2,1880.6,13520,0,26.226978056969408,4.043454317799207,-42.85714285714286,1881.7790559331988,1880.9117076438908,47.13027553985001
140,140,2021-09-15T14:40:00+0530,1880.7,1880.8,1878.3,1879.5,12594,0,26.37471417821484,3.933207580813549,-42.85714285714286,1881.5718690301808,1880.7234799580388,45.46640523756663
141,141,2021-09-15T14:45:00+0530,1879.5,1880.35,1877.45,1877.75,18375,0,26.733317157414557,3.8594070393268574,-42.85714285714286,1881.2244263910734,1880.3270159636336,42.873208174482116
142,142,2021-09-15T14:50:00+0530,1877.8,1880.0,1873.0,1875.3,44719,0,28.026634424192537,4.083735107946367,-100.0,1880.6858421737031,1879.6567471684825,39.47838614063172
143,143,2021-09-15T14:55:00+0530,1875.15,1879.65,1874.25,1878.0,28652,0,29.22757188620066,4.177754028807348,-92.85714285714286,1880.4416747033665,1879.4358475460183,44.677345286829805
144,144,2021-09-15T15:00:00+0530,1878.0,1878.0,1870.5,1870.65,42649,0,30.976054283802252,4.415057312463966,-64.28571428571429,1879.5515224576059,1878.264401206549,35.689515898643315
145,145,2021-09-15T15:05:00+0530,1870.8,1870.85,1867.8,1869.0,54821,0,32.96610611946338,4.317553218716537,-71.42857142857143,1878.592293143278,1877.0291477123426,34.03426030237783
146,146,2021-09-15T15:10:00+0530,1869.15,1871.0,1867.7,1871.0,41688,0,34.73928064901393,4.244870845951067,-78.57142857142857,1877.9020846757073,1876.2252613506969,37.7999610061812
147,147,2021-09-15T15:15:00+0530,1870.6,1876.35,1870.6,1874.9,47279,0,34.110048705232586,4.352380071240277,-78.57142857142857,1877.6291678870066,1876.0485598372707,44.45829895164529
148,148,2021-09-15T15:20:00+0530,1874.1,1875.1,1870.3,1871.1,52369,0,33.58949640216492,4.38435292329454,-78.57142857142857,1877.035607170006,1875.388751858968,39.96878062223925
149,149,2021-09-15T15:25:00+0530,1871.0,1873.15,1871.0,1873.0,61304,0,33.106126406459225,4.224756285916365,-78.57142857142857,1876.6687337909145,1875.0702516111055,43.06465649813121
150,150,2021-09-16T09:15:00+0530,1877.0,1883.05,1871.5,1881.0,156135,0,31.68408585495744,4.747987979779479,28.571428571428573,1877.0624852644678,1875.8608847296248,53.85533879695057
151,151,2021-09-16T09:20:00+0530,1881.0,1890.85,1878.15,1888.0,71771,0,31.673089625553246,5.315988838366645,35.714285714285715,1878.0568047858799,1877.4794334323415,60.84760605057327
152,152,2021-09-16T09:25:00+0530,1887.7,1889.6,1881.15,1881.15,48128,0,31.662878841106494,5.539846778483301,35.714285714285715,1878.3380043507998,1877.9688423080293,52.468920339174254
153,153,2021-09-16T09:30:00+0530,1881.15,1888.95,1881.15,1886.05,40360,0,31.653397398405936,5.701286294305919,35.714285714285715,1879.0390948643635,1879.046330000292,57.02734501008578
154,154,2021-09-16T09:35:00+0530,1886.05,1887.3,1882.3,1882.6,27566,0,31.64459320161256,5.65119441614121,35.714285714285715,1879.3628135130577,1879.5201526669198,53.16152000104888
155,155,2021-09-16T09:40:00+0530,1882.15,1887.3,1881.55,1883.25,25714,0,31.386618835614662,5.658251957845409,35.714285714285715,1879.7161941027798,1880.0174656446638,53.79700905421502
156,156,2021-09-16T09:45:00+0530,1883.0,1884.45,1880.8,1883.15,35525,0,30.892498901230944,5.514805389427886,35.714285714285715,1880.0283582752543,1880.435136892042,53.67635009231692
157,157,2021-09-16T09:50:00+0530,1883.15,1883.9,1881.0,1881.15,18303,0,30.433673247874633,5.328033575897329,35.714285714285715,1880.1303257047766,1880.530451973103,51.202859037197136
158,158,2021-09-16T09:55:00+0530,1881.15,1884.5,1879.15,1881.7,47614,0,29.35184750431944,5.329602606190371,35.714285714285715,1880.2730233679788,1880.6863917100227,51.85983923684857
159,159,2021-09-16T10:00:00+0530,1881.7,1882.4,1880.0,1881.3,34514,0,28.34729502816105,5.12034527717678,35.714285714285715,1880.3663848799806,1880.7682061486864,51.31869197276329
160,160,2021-09-16T10:05:00+0530,1881.3,1882.35,1879.7,1881.1,25147,0,27.301825064079143,4.943892043092714,35.714285714285715,1880.4330771636187,1880.8124453288615,51.031956642023104
161,161,2021-09-16T10:10:00+0530,1881.15,1885.7,1881.0,1883.6,21609,0,27.201875132560144,4.9264711828718095,21.42857142857143,1880.7209792396534,1881.1841192850134,54.45740995320934
162,162,2021-09-16T10:15:00+0530,1884.1,1885.65,1881.15,1882.5,20208,0,27.10906448186393,4.896008955523824,21.42857142857143,1880.8827083996848,1881.3595700470116,52.71023025500814
163,163,2021-09-16T10:20:00+0530,1882.4,1882.4,1880.35,1881.0,20714,0,26.68422480152889,4.6998654587007,14.285714285714286,1880.8933712724408,1881.3116273740768,50.338506120902615
164,164,2021-09-16T10:25:00+0530,1881.15,1883.0,1879.5,1881.15,52236,0,25.932224705332818,4.614160783079221,7.142857142857143,1880.9167011567645,1881.2900770575332,50.577988937043514
165,165,2021-09-16T10:30:00+0530,1881.15,1882.0,1880.05,1881.55,50822,0,25.23393890172218,4.423863584287852,0.0,1880.9742737788767,1881.3247334498622,51.25306898320272
166,166,2021-09-16T10:35:00+0530,1881.65,1883.45,1880.05,1881.65,39067,0,25.038002001469938,4.35073047112444,-42.85714285714286,1881.0357034353426,1881.3681023232139,51.43168179817433
167,167,2021-09-16T10:40:00+0530,1882.4,1883.5,1880.6,1881.05,16424,0,24.871550304139287,4.247106866044129,-35.714285714285715,1881.0370031230386,1881.3256886801187,50.242167579250406
168,168,2021-09-16T10:45:00+0530,1881.45,1882.7,1881.0,1881.05,12453,0,24.71698801376083,4.065170661326695,-21.42857142857143,1881.0381846573077,1881.288930189436,50.242167579250406
169,169,2021-09-16T10:50:00+0530,1881.05,1884.45,1880.0,1884.45,15610,0,25.13651621859015,4.0926584712319345,-21.42857142857143,1881.3483496884617,1881.710406164178,56.807336845473635
170,170,2021-09-16T10:55:00+0530,1884.3,1886.95,1883.65,1886.95,22437,0,26.198467717245013,4.036040009001079,85.71428571428572,1881.8575906258743,1882.409018675621,60.89318903709343
171,171,2021-09-16T11:00:00+0530,1886.95,1888.55,1883.0,1884.8,23449,0,27.55090249358099,4.144180008358141,92.85714285714286,1882.1250823871585,1882.7278161855381,55.988051831645244
172,172,2021-09-16T11:05:00+0530,1884.85,1885.05,1882.05,1883.0,16072,0,28.269458437689156,4.062452864903988,92.85714285714286,1882.2046203519624,1882.7641073607997,52.197105875950946
173,173,2021-09-16T11:10:00+0530,1883.65,1884.95,1881.85,1883.9,15837,0,28.822531906920148,3.99370623169657,50.0,1882.3587457745114,1882.915559712693,53.878652495167714
174,174,2021-09-16T11:15:00+0530,1883.9,1884.5,1882.35,1882.8,20002,0,29.336100128348928,3.8620129294325354,50.0,1882.3988597950104,1882.9001517510005,51.4944139734183
175,175,2021-09-16T11:20:00+0530,1883.6,1884.0,1882.25,1883.95,11715,0,29.747993834036727,3.7111548630444973,50.0,1882.5398725409186,1883.0401315175338,53.79637953110057
176,176,2021-09-16T11:25:00+0530,1883.95,1884.0,1882.35,1883.65,10220,0,30.13046656074683,3.563929515684183,50.0,1882.640793219017,1883.121447315196,53.08857034728977
177,177,2021-09-16T11:30:00+0530,1883.65,1884.0,1881.7,1881.8,13921,0,30.022328208183836,3.4736488359924524,50.0,1882.5643574718338,1882.9452543398365,48.822587599038606
178,178,2021-09-16T11:35:00+0530,1881.75,1882.0,1880.6,1882.0,28574,0,29.18277820221996,3.325531061992998,50.0,1882.5130522471215,1882.8192204278582,49.29693359673515
179,179,2021-09-16T11:40:00+0530,1882.25,1882.7,1881.3,1882.1,7556,0,28.708264515454406,3.187993128993505,14.285714285714286,1882.4755020428377,1882.7233243708104,49.54872664566194
180,180,2021-09-16T11:45:00+0530,1882.1,1883.0,1881.0,1881.85,10867,0,28.26764466345782,3.1031364769225402,14.285714285714286,1882.4186382207615,1882.606881121369,48.89499633561514
181,181,2021-09-16T11:50:00+0530,1882.0,1883.35,1881.55,1881.55,13773,0,28.021225934904923,3.010055299999498,14.285714285714286,1882.3396711097832,1882.4659636385197,48.07529802881188
182,182,2021-09-16T11:55:00+0530,1881.45,1882.9,1880.9,1882.9,10727,0,27.297110473849965,2.937908492856677,14.285714285714286,1882.3906100998029,1882.5238351533837,51.97685053460521
183,183,2021-09-16T12:00:00+0530,1882.8,1883.0,1877.15,1882.65,41557,0,26.230505189355274,3.145915029081194,-85.71428571428572,1882.414190999821,1882.5406571329327,51.20948067270222
184,184,2021-09-16T12:05:00+0530,1883.0,1888.1,1882.5,1886.5,23530,0,25.666074867578555,3.321206812718245,-85.71428571428572,1882.7856281816553,1883.0685695152083,60.80610700446135
185,185,2021-09-16T12:10:00+0530,1886.5,1887.3,1884.15,1887.0,111074,0,25.14196099735732,3.3089777546669317,-85.71428571428572,1883.168752892414,1883.5927602465138,61.855431494022504
186,186,2021-09-16T12:15:00+0530,1887.0,1887.5,1885.0,1886.6,12803,0,24.726868655308795,3.2511936293335792,7.142857142857143,1883.480684447649,1883.9937255469786,60.46086121433202
187,187,2021-09-16T12:20:00+0530,1887.25,1887.5,1885.85,1886.85,9401,0,24.341425766263736,3.1368226558097585,7.142857142857143,1883.7869858614993,1884.3745621407147,61.05189672947201
188,188,2021-09-16T12:25:00+0530,1886.85,1887.55,1885.25,1887.0,15060,0,23.634505972256793,3.077049608966201,7.142857142857143,1884.0790780559084,1884.7246205219528,61.4244891300614
189,189,2021-09-16T12:30:00+0530,1887.0,1889.0,1887.0,1887.8,20688,0,23.566593750804554,3.000117494040044,42.85714285714286,1884.4173436871895,1885.1346711190258,63.43364119315111
190,190,2021-09-16T12:35:00+0530,1887.8,1889.9,1887.0,1887.2,16164,0,23.837531492500716,2.9929662444657614,50.0,1884.6703124428996,1885.4100483031557,60.87286960066917
191,191,2021-09-16T12:40:00+0530,1887.2,1889.0,1887.0,1887.1,14064,0,24.08911653836144,2.9220400841467784,50.0,1884.8911931299087,1885.6353751960683,60.434971604908185
192,192,2021-09-16T12:45:00+0530,1887.1,1889.4,1886.05,1889.05,23161,0,23.695630276295343,2.9526086495648753,50.0,1885.2692664817353,1886.0906585032592,65.62750745200564
193,193,2021-09-16T12:50:00+0530,1889.2,1894.3,1888.95,1890.0,69597,0,24.940524067152325,3.1238508888816634,71.42857142857143,1885.6993331652138,1886.611904036158,67.84179252211403
194,194,2021-09-16T12:55:00+0530,1889.65,1890.0,1886.1,1886.75,333358,0,24.606632359369424,3.1792901111044083,71.42857142857143,1885.7948483320126,1886.6303168313368,54.828836201658945
195,195,2021-09-16T13:00:00+0530,1886.75,1889.5,1884.3,1886.35,415945,0,23.511896997568233,3.3236265317398113,71.42857142857143,1885.845316665466,1886.5929412538253,53.46944135864694
196,196,2021-09-16T13:05:00+0530,1886.35,1887.9,1883.05,1886.55,460155,0,21.99621713792778,3.43265320804412,71.42857142857143,1885.9093787867873,1886.5872157533151,54.08245472065639
197,197,2021-09-16T13:10:00+0530,1887.55,1889.9,1886.55,1889.3,26076,0,21.281458262009743,3.4267494074695497,71.42857142857143,1886.2176170788975,1886.9489203195399,61.57793922326793
198,198,2021-09-16T13:15:00+0530,1889.3,1890.0,1886.75,1888.7,26358,0,20.65117036326143,3.414124449793153,64.28571428571429,1886.4432882535432,1887.1823976102678,59.30334728935114
199,199,2021-09-16T13:20:00+0530,1888.85,1889.75,1887.9,1889.25,19205,0,20.06590302870942,3.302401274807921,-21.42857142857143,1886.6984438668574,1887.4580779288988,60.735134824169855
200,200,2021-09-16T13:25:00+0530,1889.0,1889.75,1888.6,1889.4,13284,0,19.522440503768273,3.148658326607362,-21.42857142857143,1886.9440398789613,1887.7170008717123,61.13671534950915
201,201,2021-09-16T13:30:00+0530,1889.4,1890.95,1888.25,1889.7,24029,0,19.479214274797386,3.116611303278268,-21.42857142857143,1887.1945817081466,1887.981400755484,61.97435985850402
202,202,2021-09-16T13:35:00+0530,1889.8,1891.55,1889.25,1890.75,14958,0,19.660403332439806,3.058281924472674,-21.42857142857143,1887.5178015528606,1888.3505473214195,64.83147123559368
203,203,2021-09-16T13:40:00+0530,1890.6,1891.5,1887.0,1888.45,17997,0,18.6634259951812,3.16126178701034,-21.42857142857143,1887.602546866237,1888.3638076785635,55.07050298612857
204,204,2021-09-16T13:45:00+0530,1888.45,1890.45,1885.7,1890.0,27576,0,17.502843577514046,3.274743087938173,-21.42857142857143,1887.8204971511245,1888.581966654755,59.49628874254239
205,205,2021-09-16T13:50:00+0530,1890.1,1890.5,1889.25,1890.2,12120,0,16.401962937915858,3.1301185816568755,-21.42857142857143,1888.0368155919314,1888.797704434121,60.043219439819055
206,206,2021-09-16T13:55:00+0530,1890.2,1890.2,1887.95,1889.3,19244,0,15.95002018521638,3.0672529686813843,-21.42857142857143,1888.1516505381194,1888.8646771762383,56.355395492358106
207,207,2021-09-16T14:00:00+0530,1889.3,1889.3,1885.65,1886.4,17486,0,16.394151599676523,3.108877756632704,-21.42857142857143,1887.9924095801086,1888.5360535527398,46.45450572959298
208,208,2021-09-16T14:05:00+0530,1886.35,1887.2,1885.4,1886.7,18623,0,16.892718290880236,3.0153864883017936,42.85714285714286,1887.8749178000987,1888.2912464123744,47.482407171069276
209,209,2021-09-16T14:10:00+0530,1886.15,1890.0,1886.15,1889.1,15866,0,15.967818235001022,3.0750017391373734,42.85714285714286,1887.9862889091808,1888.3990802240578,54.93551826056072
210,210,2021-09-16T14:15:00+0530,1889.0,1897.0,1888.15,1896.0,53515,0,16.756251522976303,3.487501614913269,100.0,1888.7148080992552,1889.4125361941835,68.69207183387964
211,211,2021-09-16T14:20:00+0530,1896.0,1896.5,1892.45,1894.95,338151,0,17.488368147524778,3.5276800709908898,14.285714285714286,1889.2816437265956,1890.1508647016258,65.41936948111761
212,212,2021-09-16T14:25:00+0530,1894.95,1896.8,1894.0,1896.5,27627,0,18.244229101744008,3.4757029230629657,14.285714285714286,1889.9378579332688,1890.9974160747424,67.85410867988752
213,213,2021-09-16T14:30:00+0530,1896.5,1899.5,1895.0,1899.45,67346,0,19.582397599128814,3.5488669999870397,35.714285714285715,1890.8025981211536,1892.1244272647768,71.9080415984911
214,214,2021-09-16T14:35:00+0530,1899.45,1899.85,1896.1,1899.0,50957,0,20.90148687558587,3.5632336428451086,42.85714285714286,1891.547816473776,1893.0411702961399,70.44856077761686
215,215,2021-09-16T14:40:00+0530,1898.55,1900.0,1897.5,1899.55,46672,0,22.16079490659175,3.4872883826418866,50.0,1892.2752877034327,1893.9090142566545,71.21748670362689
216,216,2021-09-16T14:45:00+0530,1899.6,1909.0,1898.05,1906.0,126642,0,24.79931627972702,4.020339212453184,57.142857142857146,1893.5229888213025,1895.5211456891006,78.33645552722379
217,217,2021-09-16T14:50:00+0530,1905.65,1909.0,1902.8,1906.8,72230,0,27.249371840495485,4.176029268706531,64.28571428571429,1894.7299898375477,1897.024992930554,79.02926989197343
218,218,2021-09-16T14:55:00+0530,1906.25,1909.75,1904.9,1908.0,79076,0,29.615941650628404,4.224170035227486,71.42857142857143,1895.9363543977706,1898.48832720648,80.05942131931704
219,219,2021-09-16T15:00:00+0530,1908.0,1908.95,1900.35,1901.9,44852,0,29.86718383361378,4.536729318425532,71.42857142857143,1896.4785039979733,1898.9432169122829,63.09263914666408
220,220,2021-09-16T15:05:00+0530,1901.25,1907.55,1900.35,1905.5,71702,0,30.100480146385916,4.726962938537997,71.42857142857143,1897.2986399981576,1899.8174546573118,67.47369790541731
221,221,2021-09-16T15:10:00+0530,1905.5,1908.0,1904.25,1904.95,84942,0,30.40840835289083,4.65717987149957,71.42857142857143,1897.9942181801432,1900.5017940363368,66.18115402786813
222,222,2021-09-16T15:15:00+0530,1904.9,1909.0,1904.9,1908.75,89788,0,30.899276615370905,4.617381309249594,71.42857142857143,1898.972016527403,1901.601554831492,70.40012255731857
223,223,2021-09-16T15:20:00+0530,1908.95,1910.0,1907.95,1909.35,77791,0,31.556633039579385,4.433996930017477,100.0,1899.9154695703662,1902.6346808539597,71.01497862643392
224,224,2021-09-16T15:25:00+0530,1909.3,1910.0,1905.3,1906.0,79202,0,31.028368847156806,4.452997149301946,100.0,1900.4686087003329,1903.0833900734317,63.13004744717223
225,225,2021-09-17T09:15:00+0530,1916.0,1927.85,1914.45,1917.0,754871,0,32.98727881031388,5.695640210066086,100.0,1901.971462454848,1904.9389380636408,73.52489628226672
226,226,2021-09-17T09:20:00+0530,1917.0,1922.3,1915.1,1920.15,321734,0,34.80626663324545,5.803094480775655,92.85714285714286,1903.6240567771347,1906.9670796551554,75.64266227104314
227,227,2021-09-17T09:25:00+0530,1921.0,1925.9,1920.0,1925.75,134960,0,36.779173523584305,5.8100163035774,85.71428571428572,1905.6355061610316,1909.471469034468,78.87746947815566
228,228,2021-09-17T09:30:00+0530,1925.05,1926.75,1923.5,1923.8,97577,0,38.67488012831291,5.627157996179014,78.57142857142857,1907.286823782756,1911.3819398298724,75.13554274512875
229,229,2021-09-17T09:35:00+0530,1924.45,1926.6,1923.55,1924.85,118813,0,40.43517911841804,5.443075282166225,71.42857142857143,1908.883476166142,1913.1776811858895,75.8012370579353
230,230,2021-09-17T09:40:00+0530,1924.85,1927.0,1922.25,1926.95,128856,0,41.598303123663776,5.393569904868637,64.28571428571429,1910.5258874237654,1915.013990361104,77.12057383768396
231,231,2021-09-17T09:45:00+0530,1926.65,1932.75,1925.0,1931.0,98310,0,43.177390570084135,5.561886340235163,78.57142857142857,1912.3871703852412,1917.1454583129569,79.44781272411132
232,232,2021-09-17T09:50:00+0530,1931.25,1936.0,1930.0,1930.05,111708,0,44.875626619790125,5.593180173075509,85.71428571428572,1913.9928821684011,1918.8660638712292,77.45753905505853
233,233,2021-09-17T09:55:00+0530,1930.35,1933.9,1929.1,1933.55,55734,0,46.14264851452718,5.536524446427271,85.71428571428572,1915.7708019712738,1920.823922021732,79.49555677477572
234,234,2021-09-17T10:00:00+0530,1933.65,1934.5,1930.0,1930.0,41883,0,47.36808126621708,5.462486985968181,85.71428571428572,1917.0643654284308,1922.047399085501,72.3506875457454
235,235,2021-09-17T10:05:00+0530,1930.4,1930.5,1928.2,1928.95,93412,0,47.85430961072401,5.236595058399023,78.57142857142857,1918.1448776622099,1922.9677458741007,70.33705041618194
236,236,2021-09-17T10:10:00+0530,1928.95,1937.4,1927.7,1935.5,139309,0,48.919254321126154,5.55540969708481,100.0,1919.7226160565544,1924.6387130908872,75.00955033940973
237,237,2021-09-17T10:15:00+0530,1935.75,1937.35,1935.15,1935.65,46678,0,49.90813155221385,5.315737575864453,85.71428571428572,1921.170560051413,1926.106884678769,75.10625776006515
238,238,2021-09-17T10:20:00+0530,1935.65,1941.0,1935.0,1937.4,118845,0,51.100653400531364,5.364613463302708,100.0,1922.6459636831028,1927.6126333882664,76.26047923420383
239,239,2021-09-17T10:25:00+0530,1937.65,1944.45,1937.0,1943.5,271079,0,52.43460878134043,5.513569644495375,100.0,1924.541785166457,1929.7309489364975,79.77981398536139
240,240,2021-09-17T10:30:00+0530,1944.05,1944.95,1941.8,1944.8,46153,0,53.704822929232996,5.34474324131714,100.0,1926.3834410604154,1931.7401557449646,80.44515042603769
241,241,2021-09-17T10:35:00+0530,1944.8,1945.6,1942.5,1945.15,65332,0,54.92694797289315,5.184404438365909,100.0,1928.0894918731049,1933.5281349789693,80.62994802552022
242,242,2021-09-17T10:40:00+0530,1944.7,1949.0,1944.0,1949.0,98241,0,56.27328202032756,5.171232692768344,85.71428571428572,1929.990447157368,1935.5910503151067,82.58008552279536
243,243,2021-09-17T10:45:00+0530,1948.6,1956.85,1948.15,1954.55,151478,0,57.90079252712904,5.423287500427735,92.85714285714286,1932.2231337794253,1938.1189102730925,84.93474388041422
244,244,2021-09-17T10:50:00+0530,1954.45,1955.95,1950.0,1954.0,99024,0,59.4120522834447,5.460909821825758,92.85714285714286,1934.2028488903866,1940.2363889033468,83.72692609173396
245,245,2021-09-17T10:55:00+0530,1953.7,1956.5,1952.85,1955.9,73385,0,60.839455735289626,5.331559120266782,85.71428571428572,1936.1753171730786,1942.3248703829006,84.54458523818997
246,246,2021-09-17T11:00:00+0530,1956.15,1958.65,1952.8,1954.9,167045,0,62.25834993756682,5.368590611676306,71.42857142857143,1937.8775610664352,1944.0015543318473,82.20346400680039
247,247,2021-09-17T11:05:00+0530,1954.85,1955.5,1945.4,1952.8,199698,0,61.11684339479183,5.706548425127992,71.42857142857143,1939.234146424032,1945.1746804209342,77.35892444636559
248,248,2021-09-17T11:10:00+0530,1952.4,1961.2,1952.3,1960.25,219291,0,60.58055043032452,5.934652109047428,85.71428571428572,1941.1446785673018,1947.1847230314763,81.51984683804505
249,249,2021-09-17T11:15:00+0530,1959.95,1960.9,1954.35,1955.85,169963,0,60.082564106176314,5.978605529829767,85.71428571428572,1942.4815259702743,1948.3400932939462,72.9883155179005
250,250,2021-09-17T11:20:00+0530,1955.9,1960.9,1954.4,1959.0,216387,0,59.62014823375297,6.015847991984783,85.71428571428572,1943.983205427522,1949.7614141880867,75.005091868199
251,251,2021-09-17T11:25:00+0530,1957.85,1963.7,1954.35,1959.35,167512,0,59.44677312607659,6.254001706843022,92.85714285714286,1945.3801867522927,1951.0398922963418,75.22642020102545
252,252,2021-09-17T11:30:00+0530,1960.0,1961.0,1954.0,1959.1,611099,0,59.17020886348447,6.307287299211377,92.85714285714286,1946.6274425020843,1952.1145733234962,74.71748282315144
253,253,2021-09-17T11:35:00+0530,1959.65,1962.25,1951.7,1953.0,184519,0,58.15887877664719,6.610338206410561,85.71428571428572,1947.2067659109857,1952.2326302136967,63.439570893146325
254,254,2021-09-17T11:40:00+0530,1952.7,1953.0,1946.9,1950.0,318825,0,55.84842079473949,6.573885477381229,78.57142857142857,1947.4606962827143,1951.9349461852037,58.74342246459206
255,255,2021-09-17T11:45:00+0530,1950.6,1957.8,1949.0,1954.7,85874,0,54.364265802354836,6.732893657568281,71.42857142857143,1948.1188148024676,1952.3036200271765,63.32404303695955
256,256,2021-09-17T11:50:00+0530,1954.45,1960.0,1954.25,1956.0,76154,0,53.255212926882315,6.662686967741975,64.28571428571429,1948.8352861840615,1952.7964706902196,64.49816209054318
257,257,2021-09-17T11:55:00+0530,1956.0,1956.35,1948.3,1949.55,123263,0,50.791770365990615,6.761780755760403,28.571428571428573,1948.9002601673287,1952.3636079315236,55.07704579619818
258,258,2021-09-17T12:00:00+0530,1950.15,1955.6,1948.55,1951.0,107881,0,48.504287988019755,6.782367844634656,28.571428571428573,1949.0911456066624,1952.1817935406539,56.611393195898074
259,259,2021-09-17T12:05:00+0530,1951.45,1953.9,1949.0,1950.95,95347,0,46.38019720847537,6.647912998589329,28.571428571428573,1949.260132369693,1952.0175544019,56.53968060233626
260,260,2021-09-17T12:10:00+0530,1950.95,1953.25,1949.1,1949.95,80859,0,44.40782719889845,6.469490641547241,28.571428571428573,1949.322847608812,1951.7418804816466,55.03802915315027
261,261,2021-09-17T12:15:00+0530,1950.3,1950.95,1948.05,1950.25,157094,0,42.2949056500892,6.214527024293873,28.571428571428573,1949.407134189829,1951.5429630840938,55.42055115653378
262,262,2021-09-17T12:20:00+0530,1950.25,1952.45,1948.9,1951.8,100405,0,40.628335855655095,6.024203665415736,-21.42857142857143,1949.624667445299,1951.5772346728813,57.435454463038106
263,263,2021-09-17T12:25:00+0530,1952.3,1958.35,1948.6,1957.55,200373,0,40.06831826236344,6.290331975028898,-21.42857142857143,1950.345152222999,1952.3736033831638,63.94570056171869
264,264,2021-09-17T12:30:00+0530,1957.95,1961.85,1954.8,1960.0,104207,0,40.0201233955314,6.344593976812545,-21.42857142857143,1951.222865657272,1953.3904562654086,66.3101569906955
265,265,2021-09-17T12:35:00+0530,1960.4,1960.45,1955.05,1957.0,98133,0,39.97537101918736,6.277122978468798,-21.42857142857143,1951.748059688429,1953.8717287633542,61.032118500547185
266,266,2021-09-17T12:40:00+0530,1957.5,1958.25,1956.0,1957.05,128444,0,39.9338152411536,5.989471337149598,-7.142857142857143,1952.2300542622083,1954.2954982615736,61.087710553660656
267,267,2021-09-17T12:45:00+0530,1957.0,1967.55,1956.0,1967.35,184376,0,40.959918776623745,6.386651955924623,92.85714285714286,1953.6045947838259,1956.0360984933639,70.44236096952594
268,268,2021-09-17T12:50:00+0530,1967.0,1974.8,1965.0,1973.4,339134,0,42.471390684429366,6.630462530501432,100.0,1955.4041770762053,1958.3512853609154,74.34388671158676
269,269,2021-09-17T12:55:00+0530,1973.65,1973.65,1965.2,1968.25,257944,0,43.87490031310601,6.760429492608475,50.0,1956.5719791601866,1959.67111397946,66.31899452231873
270,270,2021-09-17T13:00:00+0530,1969.35,1969.6,1966.2,1968.25,309349,0,45.17815925402004,6.520398814565003,50.0,1957.6336174183514,1960.8149654488652,66.31899452231872
271,271,2021-09-17T13:05:00+0530,1968.4,1974.45,1968.4,1970.4,71580,0,46.726816932841075,6.49751318495322,50.0,1958.7941976530467,1962.0929700556833,67.9918378933991
272,272,2021-09-17T13:10:00+0530,1970.7,1989.85,1970.0,1988.15,313404,0,48.87410717445397,7.451262243170841,78.57142857142857,1961.4629069573152,1965.5672407149254,77.79655669305122
273,273,2021-09-17T13:15:00+0530,1989.0,1994.35,1982.2,1983.5,260719,0,51.01086984479888,7.786886368658628,85.71428571428572,1963.4662790521047,1967.9582752862686,71.60818554056746
274,274,2021-09-17T13:20:00+0530,1983.0,1988.0,1981.0,1982.2,126527,0,52.68664275931564,7.730680199468726,85.71428571428572,1965.1693445928224,1969.8571719147662,69.93333785440403
275,275,2021-09-17T13:25:00+0530,1982.45,1986.0,1982.0,1985.0,73534,0,54.24271760850977,7.464203042363818,85.71428571428572,1966.9721314480205,1971.8762156594642,71.48056111950092
276,276,2021-09-17T13:30:00+0530,1985.95,1986.95,1977.25,1983.95,170515,0,54.444061351381016,7.62390282505212,71.42857142857143,1968.515574043655,1973.4860535715356,70.02530731228272
277,277,2021-09-17T13:35:00+0530,1983.75,1986.95,1981.75,1984.85,101173,0,54.631023398332886,7.450766908976972,71.42857142857143,1970.0005218578683,1975.0012464286642,70.57822134057477
278,278,2021-09-17T13:40:00+0530,1985.0,1993.5,1984.15,1993.0,107762,0,55.22672622136687,7.58642641547861,64.28571428571429,1972.091383507153,1977.4010802381756,75.06392647493504
279,279,2021-09-17T13:45:00+0530,1992.05,1992.85,1985.5,1988.9,67071,0,55.77987884275557,7.5802531000872815,57.142857142857146,1973.6194395519574,1978.9342695397522,69.33680304630082
280,280,2021-09-17T13:50:00+0530,1988.05,1990.0,1986.55,1989.0,66007,0,56.29352056261651,7.285235021509622,42.85714285714286,1975.0176723199613,1980.276366934452,69.39813037558893
281,281,2021-09-17T13:55:00+0530,1989.0,1997.75,1988.0,1997.75,249387,0,57.21748584558697,7.461289662830363,100.0,1977.0842475636011,1982.6061846765251,74.25091631653522
282,282,2021-09-17T14:00:00+0530,1996.8,1998.0,1989.4,1991.7,314853,0,58.08828274937764,7.542626115485331,100.0,1978.4129523305464,1983.8186933863217,66.40932433863202
283,283,2021-09-17T14:05:00+0530,1991.85,1992.5,1988.65,1991.0,139832,0,58.672912688359055,7.278867107236373,92.85714285714286,1979.5572293914058,1984.776200934812,65.54678057870636
284,284,2021-09-17T14:10:00+0530,1990.8,1999.9,1990.4,1998.1,163141,0,59.61170291861966,7.43751945671949,100.0,1981.2429358103689,1986.5527074768372,69.82742749948339
285,285,2021-09-17T14:15:00+0530,1998.4,2004.9,1995.5,1997.0,321965,0,60.69846665175549,7.57769663838239,100.0,1982.6753961912443,1987.945679813259,68.40930484606399
286,286,2021-09-17T14:20:00+0530,1997.45,2000.35,1988.9,1989.7,208402,0,60.06145259510127,7.854289735640777,92.85714285714286,1983.3139965374949,1988.179589171491,59.738543373556965
287,287,2021-09-17T14:25:00+0530,1989.45,1990.45,1981.0,1984.15,246604,0,57.89527588399013,7.968269040237868,64.28571428571429,1983.389996852268,1987.6423106152922,54.12198139175168
288,288,2021-09-17T14:30:00+0530,1984.6,1985.05,1976.4,1979.95,236994,0,55.11027501613633,8.016964108792298,-21.42857142857143,1983.0772698656983,1986.61666919992,50.27015139571994
289,289,2021-09-17T14:35:00+0530,1979.65,1987.5,1979.05,1985.95,181881,0,52.788873570547345,8.047895243878566,-21.42857142857143,1983.3384271506347,1986.527779973264,55.1777977265157
290,290,2021-09-17T14:40:00+0530,1985.95,1991.0,1984.0,1984.0,162948,0,50.99634569962107,7.973045583601525,-21.42857142857143,1983.3985701369406,1986.1907426434955,53.33557905563955
291,291,2021-09-17T14:45:00+0530,1984.45,1992.4,1983.55,1991.7,120812,0,49.47395805002379,8.035685184772856,-21.42857142857143,1984.153245579037,1986.9253102910295,59.13715772078207
292,292,2021-09-17T14:50:00+0530,1992.0,1993.5,1989.0,1992.7,127730,0,48.17458431154706,7.783136243003367,-21.42857142857143,1984.93022325367,1987.6952689188922,59.83554471622175
293,293,2021-09-17T14:55:00+0530,1992.8,1993.1,1987.5,1993.05,126883,0,46.664845813963574,7.627197939931691,-21.42857142857143,1985.6683847760637,1988.40923306304,60.09262775939399
294,294,2021-09-17T15:00:00+0530,1993.25,1999.85,1990.95,1995.1,278894,0,45.9688862355452,7.718112372793704,-21.42857142857143,1986.525804341876,1989.3013353213012,61.64132199567995
295,295,2021-09-17T15:05:00+0530,1995.1,2004.0,1994.55,2003.85,318539,0,45.69347412981102,7.841818631879872,-21.42857142857143,1988.1007312198872,1991.241157278461,67.44801541238337
296,296,2021-09-17T15:10:00+0530,2003.9,2006.6,1998.55,2005.5,433983,0,45.65526423114611,7.856688729602736,57.142857142857146,1989.6824829271702,1993.1423363079996,68.41886852139909
297,297,2021-09-17T15:15:00+0530,2005.65,2015.5,2005.65,2013.75,877248,0,46.25609042324415,8.00978239177397,64.28571428571429,1991.8704390247,1995.8900248002662,72.78883302668633
298,298,2021-09-17T15:20:00+0530,2013.55,2016.5,2007.7,2011.1,483680,0,46.87724531710041,8.066226506647254,71.42857142857143,1993.6185809315455,1997.918021493564,69.46387739833293
299,299,2021-09-17T15:25:00+0530,2011.1,2015.0,2005.15,2014.6,488503,0,46.89759041070362,8.193638899029587,71.42857142857143,1995.5259826650413,2000.1422852944222,71.3268374727189
